bartender,specialty,before_games,before_win_rate,after_games,after_win_rate,change_percentage_points,inside_48_to_52
Rae,Wine,28564,0.5421859683517715,28564,0.5324534378938524,-0.9732530457919109,false
Sol,Tequila,28566,0.5265700483091788,28566,0.5014702793530771,-2.5099768956101665,true
Nico,Gin,28566,0.5280053210109921,28566,0.500945179584121,-2.7060141426871076,true
Theo,Whiskey,28578,0.5389810343620968,28578,0.4951361186927007,-4.384491566939608,true
June,Rum,28566,0.5004200798151649,28566,0.4933837429111531,-0.7036336904011786,true
Ace,Beer,28580,0.4464660601819454,28580,0.49107767669699093,4.461161651504552,true
Mara,Vodka,28580,0.4174247725682295,28580,0.48554933519944016,6.812456263121064,true
