scope,games,switches,switch_opportunities,tokens_earned_including_starting_tokens,tokens_remaining,average_switches_per_game,switch_decision_rate,token_spend_rate,average_unspent_tokens_per_game
overall,100000,291181,1872985,710576,419395,2.91181,0.15546360488738564,0.4097816419355565,4.19395
random,50000,235415,778072,356255,120840,4.7083,0.3025619736990921,0.6608047606349384,2.4168
heuristic,50000,55766,1094913,354321,298555,1.11532,0.050931900525429875,0.1573883568854231,5.9711
