scope,bartender,specialty,starting_games,starting_wins,starting_win_rate,final_games,final_wins,final_win_rate
overall,Ace,Beer,28580,14228,0.4978306508047586,27862,13913,0.49935395879692773
overall,Mara,Vodka,28580,14070,0.49230230930720786,29565,14664,0.49599188229325214
overall,Theo,Whiskey,28578,14295,0.5002099517111065,30244,15217,0.5031411188996164
overall,June,Rum,28566,14158,0.4956241685920325,28138,13682,0.48624635723932047
overall,Nico,Gin,28566,14551,0.5093817825386824,29308,15298,0.5219735225876894
overall,Sol,Tequila,28566,14357,0.5025904921935168,28373,14199,0.5004405596870264
overall,Rae,Wine,28564,14341,0.5020655370396303,26510,13027,0.4913994718973972
random,Ace,Beer,14290,7125,0.4986004198740378,13053,6549,0.5017237416685819
random,Mara,Vodka,14290,7079,0.4953813855843247,14928,7513,0.5032824222936764
random,Theo,Whiskey,14289,7127,0.4987752816852124,16292,8206,0.5036827890989443
random,June,Rum,14283,7191,0.5034656584751103,14249,6896,0.4839637869324163
random,Nico,Gin,14283,7177,0.5024854722397255,14882,7852,0.5276172557451956
random,Sol,Tequila,14283,7089,0.4963243016173073,14128,6949,0.4918601359003397
random,Rae,Wine,14282,7212,0.5049712925360593,12468,6035,0.4840391401989092
heuristic,Ace,Beer,14290,7103,0.49706088173547935,14809,7364,0.49726517658180835
heuristic,Mara,Vodka,14290,6991,0.48922323303009096,14637,7151,0.4885563981690237
heuristic,Theo,Whiskey,14289,7168,0.5016446217370005,13952,7011,0.5025086009174312
heuristic,June,Rum,14283,6967,0.4877826787089547,13889,6786,0.48858809129526964
heuristic,Nico,Gin,14283,7374,0.5162780928376391,14426,7446,0.5161513933176209
heuristic,Sol,Tequila,14283,7268,0.5088566827697263,14245,7250,0.508950508950509
heuristic,Rae,Wine,14282,7129,0.49915978154320123,14042,6992,0.49793476712718987
